{"mean ratio":1.0009609460830688,"_runtime":7247.390261634,"_wandb":{"runtime":7247},"_timestamp":1.7332330549509115e+09,"approx_kl":3.0963215976953506e-05,"eval reward median":0.1421414017677307,"old_approx_kl":-0.0009299768134951591,"pg_loss":0.0005829408764839172,"std_logprob":0.9929366111755371,"v_loss":0.025074467062950134,"entropy":4.13140344619751,"eval reward std":0.32631227374076843,"train reward median":0.049116892740130424,"train reward mean":-0.13975365459918976,"eval reward mean":0.10278546065092087,"mean_logprob":-4.132392883300781,"train loss":-0.02819385752081871,"_step":852}