{"train reward median":0.29010993242263794,"std_logprob":1.0787824392318726,"v_loss":0.042681433260440826,"mean ratio":1.0000892877578735,"mean_logprob":-4.3400068283081055,"_timestamp":1.7329453405796328e+09,"train loss":-0.02212374657392502,"_wandb":{"runtime":113},"pg_loss":-6.296904757618904e-05,"approx_kl":2.934131771326065e-06,"entropy":4.340149402618408,"old_approx_kl":-8.630193769931793e-05,"_step":16,"_runtime":112.656340729,"train reward mean":0.1860467791557312}