{"train reward median":-0.0025551593862473965,"entropy":4.326287269592285,"train reward mean":0.054198648780584335,"_runtime":109.335428656,"train loss":0.010497171431779861,"mean ratio":1.0005555152893066,"std_logprob":0.9198533892631531,"pg_loss":-9.557977318763733e-05,"_wandb":{"runtime":242},"v_loss":0.10771124809980392,"mean_logprob":-4.3257646560668945,"_timestamp":1.7356256159013045e+09,"old_approx_kl":-0.0005447370931506157,"_step":16,"approx_kl":1.0754447430372238e-05}