{"train reward median":0.2904970943927765,"mean_logprob":-4.5279717445373535,"_wandb":{"runtime":829},"old_approx_kl":9.736977517604828e-06,"v_loss":0.041479334235191345,"entropy":4.527841567993164,"eval reward median":0.2546698749065399,"_timestamp":1.7356292588384268e+09,"_runtime":828.498626,"std_logprob":0.976219654083252,"_step":20,"pg_loss":-2.033775672316551e-06,"train loss":-0.02454078197479248,"train reward mean":0.03411392122507095,"eval reward mean":0.25349241495132446,"eval reward std":0.31655240058898926,"mean ratio":0.9999902248382568,"approx_kl":1.210719347000122e-08}