{"v_loss":0.023097096011042595,"train reward median":0.40684792399406433,"std_logprob":0.913619875907898,"train reward mean":0.18963798880577087,"eval reward mean":0.10513589531183243,"approx_kl":2.300320193171501e-05,"_step":852,"entropy":4.429177761077881,"eval reward std":0.37439143657684326,"eval reward median":0.12872103601694107,"mean_logprob":-4.422735691070557,"pg_loss":0.0006439955905079842,"_timestamp":1.7329550826298616e+09,"train loss":-0.03209923207759857,"mean ratio":1.0005571842193604,"_runtime":8443.389067127,"old_approx_kl":-0.0005341470241546631,"_wandb":{"runtime":8443}}