{"approx_kl":1.954520121216774e-05,"entropy":4.343749523162842,"pg_loss":-0.0003027617931365967,"mean ratio":1.001220703125,"train loss":-0.037767134606838226,"_timestamp":1.7356191529205256e+09,"eval reward median":0.10504185035824776,"_step":852,"_runtime":7238.111543202,"train reward median":0.09846864640712738,"v_loss":0.011946247890591621,"_wandb":{"runtime":7238},"eval reward mean":0.07124444097280502,"mean_logprob":-4.3422675132751465,"std_logprob":0.9544865489006042,"eval reward std":0.3228300213813782,"old_approx_kl":-0.0012010615319013596,"train reward mean":0.17115715146064758}